               epoch,      train/box_loss,      train/obj_loss,      train/cls_loss,   metrics/precision,      metrics/recall,     metrics/mAP_0.5,metrics/mAP_0.5:0.95,        val/box_loss,        val/obj_loss,        val/cls_loss,               x/lr0,               x/lr1,               x/lr2
                   0,             0.11594,            0.044008,                   0,            0.019914,             0.18182,            0.025786,           0.0088647,            0.098237,            0.027245,                   0,              0.0874,              0.0014,              0.0014
                   1,            0.090208,            0.046849,                   0,             0.64787,             0.54545,             0.55489,             0.20424,            0.078382,            0.024011,                   0,            0.073843,           0.0028426,           0.0028426
                   2,             0.07645,            0.042745,                   0,             0.45475,              0.5687,             0.48983,             0.14315,            0.080427,            0.024183,                   0,            0.060226,           0.0042258,           0.0042258
                   3,            0.070007,            0.037526,                   0,             0.57968,              0.4697,              0.4962,             0.15209,            0.068757,            0.016313,                   0,             0.04655,           0.0055495,           0.0055495
                   4,             0.06702,               0.034,                   0,             0.46217,             0.56061,             0.37968,             0.12024,            0.071375,            0.014696,                   0,            0.032814,           0.0068139,           0.0068139
                   5,            0.063932,            0.034288,                   0,             0.59867,             0.56061,              0.5583,             0.20455,            0.067175,            0.014273,                   0,            0.019019,           0.0080189,           0.0080189
                   6,            0.062172,            0.034772,                   0,             0.57653,                 0.5,             0.51319,             0.14009,            0.064693,            0.014466,                   0,            0.008812,            0.008812,            0.008812
                   7,            0.059129,            0.031895,                   0,             0.70105,             0.68182,              0.6799,             0.29128,            0.054949,            0.014143,                   0,            0.008812,            0.008812,            0.008812
                   8,            0.056683,            0.032016,                   0,             0.75831,             0.60606,              0.6853,             0.23711,            0.058557,            0.014342,                   0,            0.008614,            0.008614,            0.008614
                   9,            0.054326,            0.030145,                   0,             0.73049,             0.60606,               0.644,             0.26652,            0.055072,            0.014272,                   0,            0.008416,            0.008416,            0.008416
                  10,            0.050108,            0.030324,                   0,             0.64973,             0.66667,             0.69705,             0.32651,            0.052985,            0.014601,                   0,            0.008218,            0.008218,            0.008218
                  11,            0.048797,            0.030949,                   0,             0.76756,             0.70052,             0.74141,             0.36554,            0.051422,            0.013647,                   0,             0.00802,             0.00802,             0.00802
                  12,            0.046151,            0.028795,                   0,             0.74885,             0.74242,             0.74313,             0.31066,            0.051971,            0.013882,                   0,            0.007822,            0.007822,            0.007822
                  13,            0.044587,            0.028263,                   0,             0.73254,             0.77273,             0.75755,             0.40375,            0.049051,            0.013926,                   0,            0.007624,            0.007624,            0.007624
                  14,            0.043398,            0.026197,                   0,             0.78733,             0.78531,             0.78046,             0.42745,            0.048687,             0.01342,                   0,            0.007426,            0.007426,            0.007426
                  15,            0.040551,             0.02742,                   0,             0.82562,             0.77273,             0.80242,             0.43782,            0.046941,            0.013804,                   0,            0.007228,            0.007228,            0.007228
                  16,            0.041513,            0.026209,                   0,             0.84746,             0.77273,             0.81174,             0.41665,            0.050452,             0.01382,                   0,             0.00703,             0.00703,             0.00703
                  17,            0.038177,            0.025571,                   0,             0.89652,             0.78763,             0.81113,             0.44209,            0.048263,            0.013695,                   0,            0.006832,            0.006832,            0.006832
                  18,            0.039164,            0.025514,                   0,             0.84286,             0.73146,             0.78293,              0.4326,            0.049301,            0.014369,                   0,            0.006634,            0.006634,            0.006634
                  19,            0.037228,            0.024867,                   0,             0.79223,              0.7511,             0.73861,             0.44325,            0.047969,            0.014174,                   0,            0.006436,            0.006436,            0.006436
                  20,            0.038274,            0.024274,                   0,             0.85376,             0.74242,             0.78101,             0.37638,            0.051961,            0.014028,                   0,            0.006238,            0.006238,            0.006238
                  21,            0.036678,            0.024882,                   0,             0.80979,             0.77408,             0.79636,             0.47146,            0.047241,            0.014169,                   0,             0.00604,             0.00604,             0.00604
                  22,            0.033907,            0.022613,                   0,             0.84242,             0.74242,              0.7799,             0.39612,            0.050072,            0.014714,                   0,            0.005842,            0.005842,            0.005842
                  23,            0.033221,            0.023736,                   0,             0.79646,             0.77273,             0.75061,             0.43363,            0.047516,            0.014536,                   0,            0.005644,            0.005644,            0.005644
                  24,            0.034523,            0.023458,                   0,             0.82619,             0.72027,             0.74157,              0.4654,             0.04818,            0.014573,                   0,            0.005446,            0.005446,            0.005446
                  25,             0.03332,            0.023509,                   0,             0.78901,             0.80303,             0.77058,              0.4073,            0.046975,            0.015719,                   0,            0.005248,            0.005248,            0.005248
                  26,            0.031512,            0.021694,                   0,             0.83516,             0.76769,             0.75123,             0.46865,            0.044365,            0.014913,                   0,             0.00505,             0.00505,             0.00505
                  27,            0.031056,            0.022315,                   0,             0.82367,             0.75758,             0.73299,             0.46461,            0.043948,            0.014292,                   0,            0.004852,            0.004852,            0.004852
                  28,            0.031617,            0.022397,                   0,             0.81868,             0.74242,             0.74933,             0.44664,            0.045979,            0.013891,                   0,            0.004654,            0.004654,            0.004654
                  29,            0.031088,            0.022069,                   0,             0.83272,             0.71212,             0.75294,             0.49432,            0.046323,              0.0143,                   0,            0.004456,            0.004456,            0.004456
                  30,            0.029406,            0.022485,                   0,             0.83019,             0.74077,             0.76324,             0.50035,             0.04595,            0.014451,                   0,            0.004258,            0.004258,            0.004258
                  31,            0.029431,            0.023153,                   0,             0.79476,             0.76278,             0.79685,             0.50153,            0.045979,            0.014348,                   0,             0.00406,             0.00406,             0.00406
                  32,            0.029721,            0.021873,                   0,             0.83975,             0.71462,             0.79089,             0.52001,             0.04399,            0.014357,                   0,            0.003862,            0.003862,            0.003862
                  33,            0.029184,            0.020916,                   0,              0.7683,             0.75364,             0.77059,             0.49885,            0.046147,            0.014127,                   0,            0.003664,            0.003664,            0.003664
                  34,            0.028488,            0.019848,                   0,             0.90078,             0.69697,             0.79857,             0.48522,            0.046171,              0.0147,                   0,            0.003466,            0.003466,            0.003466
                  35,            0.027583,            0.020482,                   0,             0.81904,             0.72727,             0.79748,             0.50913,            0.045012,             0.01453,                   0,            0.003268,            0.003268,            0.003268
                  36,            0.026913,            0.022168,                   0,             0.80314,             0.74242,             0.74405,             0.50613,            0.046315,            0.014837,                   0,             0.00307,             0.00307,             0.00307
                  37,            0.026603,             0.02018,                   0,             0.81738,             0.75758,             0.76057,             0.49971,            0.046628,            0.015044,                   0,            0.002872,            0.002872,            0.002872
                  38,            0.025843,            0.020239,                   0,             0.83412,             0.77273,             0.77364,             0.49373,             0.04491,            0.015332,                   0,            0.002674,            0.002674,            0.002674
                  39,            0.025112,            0.018963,                   0,             0.79994,             0.75758,             0.73804,             0.48692,            0.045133,            0.015595,                   0,            0.002476,            0.002476,            0.002476
                  40,            0.024867,            0.020575,                   0,             0.83616,             0.75758,             0.74947,             0.50733,            0.044652,            0.015097,                   0,            0.002278,            0.002278,            0.002278
                  41,            0.025106,            0.018576,                   0,             0.86373,             0.78788,             0.78078,             0.50712,            0.044101,            0.015309,                   0,             0.00208,             0.00208,             0.00208
                  42,            0.025499,             0.02057,                   0,             0.81355,             0.80303,             0.77797,             0.50255,            0.043316,             0.01509,                   0,            0.001882,            0.001882,            0.001882
                  43,              0.0247,            0.020008,                   0,             0.77996,             0.81818,              0.8044,             0.50563,            0.043369,             0.01519,                   0,            0.001684,            0.001684,            0.001684
                  44,            0.025722,            0.018051,                   0,             0.78883,             0.77273,             0.77492,             0.49208,            0.043851,             0.01533,                   0,            0.001486,            0.001486,            0.001486
                  45,            0.024227,            0.019728,                   0,             0.77968,             0.78788,              0.7685,             0.49822,            0.043434,            0.015345,                   0,            0.001288,            0.001288,            0.001288
                  46,            0.022546,            0.018426,                   0,             0.79327,             0.81818,              0.7903,             0.49496,            0.042922,            0.015509,                   0,             0.00109,             0.00109,             0.00109
                  47,            0.023881,            0.019066,                   0,             0.82736,             0.79876,             0.78659,             0.49152,            0.042568,            0.015278,                   0,            0.000892,            0.000892,            0.000892
                  48,            0.022307,            0.019396,                   0,             0.82963,             0.81165,             0.78803,             0.49714,            0.042631,            0.015178,                   0,            0.000694,            0.000694,            0.000694
                  49,            0.022574,            0.018287,                   0,              0.8304,             0.81605,              0.7896,             0.49943,            0.042459,            0.015104,                   0,            0.000496,            0.000496,            0.000496
